Sample,Time (s),Distance,Velocity,Acceleration,Neglected
1,0,150.2,0,0,
2,0.03,150.2,0,0,
3,0.07,152.02,27.92,13.53,
4,0.1,150.72,3.68,-11.25,
5,0.13,150.61,1.29,-14.67,
6,0.17,150.79,1.93,-11.98,
7,0.2,151.27,4.69,-2.91,
8,0.23,152.06,9.21,11.77,
9,0.27,152.12,7.7,5.44,
10,0.3,151.93,4.67,-5.2,
11,0.33,149.67,-12.82,-61.62,
12,0.37,149.48,-12.86,-55.16,
13,0.4,150.12,-7.03,-32.12,
14,0.43,149.06,-13.67,-48.15,
15,0.47,148.04,-18.89,-57.95,
16,0.5,147.96,-17.07,-48.24,
17,0.53,151.97,10.29,23.35,
18,0.57,154.45,24.27,54.33,
19,0.6,154.65,22.32,45.94,
20,0.63,150.65,-3.47,-12.37,
21,0.67,152.18,5.51,6.78,
22,0.7,152.4,5.92,7.12,
23,0.73,152.41,5.19,5.33,
24,0.77,149.16,-12.52,-26.6,
25,0.8,151.3,-0.64,-4.73,
26,0.83,151.48,0.19,-3.12,
27,0.87,151.41,-0.32,-3.75,
28,0.9,151.77,1.29,-1.11,
29,0.93,151.43,-0.46,-3.63,
30,0.97,151.4,-0.64,-3.7,
31,1,151.12,-1.86,-5.21,
33,1.07,148.15,-19.43,-27.43,
34,1.1,147.96,-18.7,-25.34,
35,1.13,148.6,-15.28,-20.06,
36,1.17,146.25,-22.26,-27.62,
37,1.2,146.05,-21.27,-25.41,
38,1.23,149.84,-6.76,-8.16,
39,1.27,152.47,2.99,2.76,
40,1.3,149.73,-6.61,-7.48,
41,1.33,149.5,-6.88,-7.5,
42,1.37,150.22,-3.81,-4.19,
43,1.4,151.3,0.11,-0.25,
44,1.43,151.39,0.39,0.02,
45,1.47,153.9,8.86,7.8,
46,1.5,150.96,-1.53,-1.75,
47,1.53,155.34,12.88,10.91,
48,1.57,155.71,12.99,10.69,
49,1.6,151.94,-0.17,-0.58,
50,1.63,153.47,4.73,3.42,
51,1.67,153.6,4.73,3.33,
52,1.7,149.64,-8.12,-6.79,
53,1.73,150.78,-3.92,-3.4,
54,1.77,150.33,-5.06,-4.17,
55,1.8,150.29,-4.79,-3.87,
56,1.83,151.03,-2.18,-1.9,
57,1.87,150.53,-3.54,-2.81,
58,1.9,150.49,-3.4,-2.65,
59,1.93,151.05,-1.49,-1.29,
60,1.97,150.54,-2.93,-2.22,
61,2,151.97,1.53,0.77,
62,2.03,152.09,1.76,0.9,
63,2.07,150.72,-2.5,-1.85,
64,2.1,149.12,-6.95,-4.61,
65,2.13,148.99,-6.81,-4.43,
66,2.17,149.91,-3.59,-2.36,
67,2.2,149.06,-5.74,-3.62,
68,2.23,151.48,1.59,0.81,
69,2.27,151.69,2.05,1.07,
70,2.3,149.49,-4.32,-2.65,
71,2.33,151.06,0.41,0.11,
72,2.37,151.19,0.75,0.3,
73,2.4,151.2,0.72,0.28,
74,2.43,149.63,-3.7,-2.16,
75,2.47,150.52,-0.9,-0.6,
76,2.5,150.59,-0.63,-0.44,
77,2.53,147.92,-7.94,-4.34,
78,2.57,151.85,3.73,1.91,
79,2.6,152.18,4.35,2.21,
80,2.63,152.39,4.61,2.3,
82,2.7,150.63,-4.09,-2.3,
83,2.73,150.5,-4.16,-2.3,
84,2.77,149.57,-6.14,-3.3,
85,2.8,150.87,-2.65,-1.43,
86,2.83,150.98,-2.22,-1.18,
87,2.87,149.52,-5.75,-2.95,
88,2.9,150.13,-3.84,-1.95,
89,2.93,149.45,-5.3,-2.64,
90,2.97,149.39,-5.07,-2.48,
91,3,152.43,3,1.47,
92,3.03,150.47,-2.21,-1.05,
93,3.07,150.31,-2.47,-1.16,
94,3.1,153.16,5.02,2.39,
95,3.13,153.21,4.81,2.26,
96,3.17,150.63,-2.38,-1.11,
97,3.2,150.41,-2.77,-1.27,
98,3.23,149.47,-5.01,-2.28,
99,3.27,151.15,-0.18,-0.05,
100,3.3,151.1,-0.28,-0.1,
101,3.33,151.1,-0.27,-0.09,
102,3.37,150.45,-1.97,-0.84,
103,3.4,151.05,-0.29,-0.09,
104,3.43,151.1,-0.14,-0.02,
105,3.47,150.55,-1.58,-0.65,
106,3.5,152.53,3.67,1.64,
107,3.53,152.7,3.84,1.69,
108,3.57,152.71,3.58,1.55,
109,3.6,146.52,-12.65,-5.42,
110,3.63,152.29,3.12,1.37,
111,3.67,152.77,4.16,1.8,
112,3.7,151.89,1.58,0.68,
113,3.73,149.32,-5.14,-2.15,
114,3.77,152.61,3.93,1.68,
115,3.8,152.89,4.36,1.83,
116,3.83,151.62,0.79,0.32,
117,3.87,149.85,-3.92,-1.64,
118,3.9,149.7,-4.02,-1.65,
119,3.93,152.09,2.39,1.01,
120,3.97,150.63,-1.63,-0.66,
121,4,150.97,-0.64,-0.24,
122,4.03,151,-0.52,-0.19,
123,4.07,148.23,-7.73,-3.12,
124,4.1,146.06,-12.72,-5.11,
125,4.13,145.88,-12.27,-4.86,
126,4.17,150.85,1.67,0.84,
127,4.2,147.39,-7.28,-2.78,
128,4.23,149.69,-0.9,-0.18,
129,4.27,149.88,-0.32,0.06,
130,4.3,150.36,0.92,0.56,
131,4.33,150.12,0.26,0.28,
132,4.37,150.1,0.19,0.25,
133,4.4,151.49,3.7,1.65,
134,4.43,150.86,1.86,0.89,
135,4.47,150.44,0.63,0.39,
136,4.5,150.4,0.5,0.34,
137,4.53,151.88,4.21,1.8,
138,4.57,148.86,-3.95,-1.44,
139,4.6,148.61,-4.3,-1.56,
140,4.63,150.81,1.58,0.77,
141,4.67,151.08,2.18,0.99,
142,4.7,150.64,0.92,0.49,
143,4.73,150.61,0.76,0.42,
144,4.77,151.62,3.33,1.42,
145,4.8,150.78,0.97,0.48,
146,4.83,150.71,0.73,0.38,
147,4.87,149.5,-2.45,-0.87,
148,4.9,151.71,3.31,1.39,
149,4.93,149.77,-1.82,-0.63,
150,4.97,149.61,-2.1,-0.73,
151,5,153.47,7.83,3.14,
152,5.03,150.75,0.39,0.21,
153,5.07,150.52,-0.23,-0.03,
154,5.1,150.87,0.67,0.32,
155,5.13,153.02,6.06,2.4,
156,5.17,150.8,-0.14,-0.03,
157,5.2,150.62,-0.6,-0.2,
158,5.23,152.63,4.53,1.78,
159,5.27,147.35,-9.46,-3.63,
160,5.3,146.91,-9.9,-3.76,
161,5.33,152.14,4,1.63,
162,5.37,152.39,4.35,1.75,
163,5.4,151.03,0.6,0.29,
164,5.43,150.91,0.27,0.16,
165,5.47,151.18,0.94,0.41,
166,5.5,151.57,1.87,0.76,
167,5.53,152.8,4.84,1.89,
168,5.57,152.91,4.74,1.83,
169,5.6,149.31,-4.66,-1.79,
170,5.63,151.23,0.5,0.2,
171,5.67,151.39,0.88,0.34,
172,5.7,151.49,1.08,0.42,
173,5.73,153.72,6.61,2.52,
174,5.77,149.01,-6.04,-2.34,
175,5.8,148.62,-6.6,-2.52,
176,5.83,150.98,-0.17,-0.04,
177,5.87,151,-0.12,-0.02,
178,5.9,151,-0.11,-0.01,
179,5.93,150.54,-1.26,-0.45,
180,5.97,148.84,-5.55,-2.08,
181,6,151.56,1.7,0.7,
182,6.03,151.79,2.15,0.87,
183,6.07,152.82,4.66,1.81,
184,6.1,151.98,2.22,0.86,
185,6.13,151.91,1.89,0.72,
186,6.17,152.64,3.63,1.38,
187,6.2,152.06,1.9,0.7,
188,6.23,150.35,-2.54,-0.99,
189,6.27,150.2,-2.72,-1.05,
190,6.3,152.04,2.09,0.79,
191,6.33,148.32,-7.42,-2.82,
192,6.37,148,-7.67,-2.88,
193,6.4,149.73,-2.77,-0.99,
194,6.43,151.36,1.51,0.64,
195,6.47,151.95,2.94,1.18,
197,6.53,149.2,-8.67,-3.34,
198,6.57,147.79,-11.37,-4.37,
199,6.6,147.68,-10.94,-4.14,
200,6.63,150.53,-3.89,-1.29,
201,6.67,152.06,-0.06,0.24,
202,6.7,152.1,0.04,0.28,
203,6.73,152.1,0.05,0.28,
204,6.77,150.72,-3.3,-1.03,
205,6.8,151.8,-0.48,0.08,
206,6.83,151.89,-0.22,0.18,
207,6.87,153.93,4.86,2.13,
208,6.9,151.15,-2.25,-0.62,
209,6.93,152.76,1.86,0.96,
210,6.97,152.89,2.07,1.03,
211,7,151.61,-1.22,-0.24,
212,7.03,150.4,-4.13,-1.35,
214,7.1,154.6,13.45,5.5,
215,7.13,150.21,2.69,1.13,
216,7.17,148.36,-1.58,-0.59,
217,7.2,148.21,-1.83,-0.68,
218,7.23,152.53,8.03,3.21,
219,7.27,153.17,8.99,3.55,
220,7.3,153.22,8.53,3.32,
221,7.33,152.3,5.82,2.23,
222,7.37,151.21,2.75,1.01,
223,7.4,150.28,0.36,0.08,
224,7.43,150.21,0.14,0,
225,7.47,152.42,5.62,2.09,
226,7.5,151.12,2.08,0.71,
227,7.53,151.01,1.67,0.55,
228,7.57,151.93,3.84,1.36,
229,7.6,148.59,-4.66,-1.86,
231,7.67,149.8,1.21,0.44,
232,7.7,148.97,-0.73,-0.33,
233,7.73,149.46,0.36,0.1,
234,7.77,149.5,0.43,0.13,
235,7.8,151.35,4.56,1.74,
236,7.83,154.82,12.22,4.69,
237,7.87,150.04,0.02,-0.08,
238,7.9,149.63,-0.93,-0.44,
239,7.93,151.54,3.64,1.31,
240,7.97,149.11,-2.55,-1.07,
241,8,151.49,3.35,1.19,
242,8.03,151.69,3.6,1.27,
243,8.07,153.46,7.75,2.81,
244,8.1,150.38,-0.33,-0.26,
245,8.13,150.12,-0.94,-0.48,
246,8.17,154.07,9.08,3.27,
247,8.2,148.49,-5.33,-2.15,
248,8.23,150.24,-0.64,-0.38,
249,8.27,150.39,-0.23,-0.22,
250,8.3,150.03,-1.1,-0.54,
251,8.33,150.74,0.73,0.15,
252,8.37,150.8,0.83,0.18,
253,8.4,152,3.77,1.26,
254,8.43,150.53,-0.16,-0.2,
255,8.47,152.53,4.95,1.69,
256,8.5,152.7,5.01,1.69,
257,8.53,153.27,6.07,2.06,
258,8.57,153.04,5.02,1.65,
259,8.6,153.02,4.61,1.47,
260,8.63,149.78,-3.81,-1.64,
261,8.67,150.34,-2.09,-0.99,
262,8.7,151.31,0.47,-0.03,
263,8.73,151.39,0.64,0.03,
264,8.77,150.57,-1.53,-0.77,
265,8.8,150.13,-2.52,-1.13,
267,8.87,150.65,0.15,-0.09,
268,8.9,149.77,-1.86,-0.87,
269,8.93,151.45,1.91,0.61,
270,8.97,151.59,2.1,0.67,
271,9,151.97,2.83,0.94,
272,9.03,150.16,-1.51,-0.74,
273,9.07,150.01,-1.78,-0.83,
274,9.1,151.56,1.99,0.62,
275,9.13,152.25,3.48,1.18,
276,9.17,153.23,5.63,1.97,
277,9.2,153.31,5.44,1.88,
278,9.23,150.73,-1.18,-0.64,
279,9.27,152.82,4.11,1.36,
280,9.3,153,4.25,1.39,
281,9.33,151.63,0.59,0.01,
282,9.37,150.13,-3.24,-1.42,
283,9.4,149.26,-5.16,-2.12,
284,9.43,149.19,-4.98,-2.02,
285,9.47,149.74,-3.22,-1.35,
286,9.5,149.42,-3.8,-1.55,
287,9.53,149.39,-3.6,-1.45,
288,9.57,152.16,3.72,1.28,
289,9.6,154.98,10.47,3.76,
290,9.63,150.69,-0.96,-0.51,
291,9.67,150.33,-1.82,-0.82,
292,9.7,151.22,0.54,0.06,
293,9.73,148.25,-6.92,-2.7,
294,9.77,148,-7.04,-2.71,
295,9.8,148.72,-4.75,-1.83,
296,9.83,146.11,-10.95,-4.09,
297,9.87,150.13,0.19,0.07,
298,9.9,150.47,1.02,0.37,
299,9.93,150.04,-0.14,-0.06,
300,9.97,151.02,2.38,0.87,